{
	"info": {
		"_postman_id": "2323f03a-14dc-44c8-beb7-db3ef47195de",
		"name": "easyshop - solo",
		"schema": "https://schema.getpostman.com/json/collection/v2.1.0/collection.json",
		"_exporter_id": "13066401"
	},
	"item": [
		{
			"name": "Register",
			"event": [
				{
					"listen": "test",
					"script": {
						"exec": [
							"pm.test(\"Registration should succeed\", function() {\r",
							"    pm.response.to.have.status(201);\r",
							"});"
						],
						"type": "text/javascript"
					}
				}
			],
			"request": {
				"auth": {
					"type": "noauth"
				},
				"method": "POST",
				"header": [],
				"body": {
					"mode": "raw",
					"raw": "{\r\n  \"username\": \"{{newUserName}}\",\r\n  \"password\": \"{{newUserPassword}}\",\r\n  \"confirmPassword\": \"{{newUserPassword}}\",\r\n  \"role\": \"USER\"\r\n}",
					"options": {
						"raw": {
							"language": "json"
						}
					}
				},
				"url": {
					"raw": "{{baseUrl}}/register",
					"host": [
						"{{baseUrl}}"
					],
					"path": [
						"register"
					]
				}
			},
			"response": []
		},
		{
			"name": "Login - new user",
			"event": [
				{
					"listen": "test",
					"script": {
						"exec": [
							"pm.environment.set(\"userToken\", pm.response.json().token);\r",
							"\r",
							"pm.test(\"User Login should create token\", function() {\r",
							"    pm.response.to.have.status(200);\r",
							"    pm.response.to.be.ok;\r",
							"    pm.response.to.be.withBody;\r",
							"    pm.response.to.have.jsonBody(\"token\");\r",
							"    pm.expect(pm.environment.get(\"userToken\")).to.not.equal(\"\");\r",
							"})"
						],
						"type": "text/javascript"
					}
				}
			],
			"request": {
				"method": "POST",
				"header": [],
				"body": {
					"mode": "raw",
					"raw": "{\r\n  \"username\": \"{{newUserName}}\",\r\n  \"password\": \"{{newUserPassword}}\"\r\n}",
					"options": {
						"raw": {
							"language": "json"
						}
					}
				},
				"url": {
					"raw": "{{baseUrl}}/login",
					"host": [
						"{{baseUrl}}"
					],
					"path": [
						"login"
					]
				}
			},
			"response": []
		},
		{
			"name": "Login - as admin",
			"event": [
				{
					"listen": "test",
					"script": {
						"exec": [
							"pm.environment.set(\"adminToken\", pm.response.json().token)\r",
							"\r",
							"pm.test(\"Admin Login should succeed\", function() {\r",
							"    pm.response.to.have.status(200);\r",
							"});"
						],
						"type": "text/javascript"
					}
				}
			],
			"request": {
				"method": "POST",
				"header": [],
				"body": {
					"mode": "raw",
					"raw": "{\r\n  \"username\": \"admin\",\r\n  \"password\": \"password\"\r\n}",
					"options": {
						"raw": {
							"language": "json"
						}
					}
				},
				"url": {
					"raw": "{{baseUrl}}/login",
					"host": [
						"{{baseUrl}}"
					],
					"path": [
						"login"
					]
				}
			},
			"response": []
		},
		{
			"name": "Get Categories",
			"event": [
				{
					"listen": "test",
					"script": {
						"exec": [
							"var items = pm.response.json();\r",
							"\r",
							"pm.test(\"Categories should be \" + items.length, function() {\r",
							"    pm.response.to.have.status(200);\r",
							"    pm.expect(items.length).to.equal(3);\r",
							"});"
						],
						"type": "text/javascript"
					}
				}
			],
			"request": {
				"auth": {
					"type": "noauth"
				},
				"method": "GET",
				"header": [],
				"url": {
					"raw": "{{baseUrl}}/categories",
					"host": [
						"{{baseUrl}}"
					],
					"path": [
						"categories"
					]
				}
			},
			"response": []
		},
		{
			"name": "Add Category - not admin",
			"event": [
				{
					"listen": "test",
					"script": {
						"exec": [
							"\r",
							"pm.test(\"Category insert as non admin should fail\", function() {\r",
							"    pm.response.to.have.status(403);\r",
							"});"
						],
						"type": "text/javascript"
					}
				}
			],
			"request": {
				"auth": {
					"type": "bearer",
					"bearer": [
						{
							"key": "token",
							"value": "{{userToken}}",
							"type": "string"
						}
					]
				},
				"method": "POST",
				"header": [],
				"body": {
					"mode": "raw",
					"raw": "{\r\n    \"name\": \"Demo\",\r\n    \"description\": \"Some demo category.\"\r\n}",
					"options": {
						"raw": {
							"language": "json"
						}
					}
				},
				"url": {
					"raw": "{{baseUrl}}/categories",
					"host": [
						"{{baseUrl}}"
					],
					"path": [
						"categories"
					]
				}
			},
			"response": []
		},
		{
			"name": "Get Categories",
			"event": [
				{
					"listen": "test",
					"script": {
						"exec": [
							"var items = pm.response.json();\r",
							"\r",
							"pm.test(\"Categories should be \" + items.length, function() {\r",
							"    pm.response.to.have.status(200);\r",
							"    pm.expect(items.length).to.equal(3);\r",
							"});"
						],
						"type": "text/javascript"
					}
				}
			],
			"request": {
				"auth": {
					"type": "noauth"
				},
				"method": "GET",
				"header": [],
				"url": {
					"raw": "{{baseUrl}}/categories",
					"host": [
						"{{baseUrl}}"
					],
					"path": [
						"categories"
					]
				}
			},
			"response": []
		},
		{
			"name": "Add Category - as admin",
			"event": [
				{
					"listen": "test",
					"script": {
						"exec": [
							"pm.environment.set(\"newCategoryId\", pm.response.json().categoryId)\r",
							"\r",
							"var name = pm.response.json().name;\r",
							"\r",
							"pm.test(\"Category insert as admin should succeed\", function() {\r",
							"    pm.response.to.have.status(201);\r",
							"    pm.expect(name).to.equal(\"Demo\");\r",
							"});"
						],
						"type": "text/javascript"
					}
				}
			],
			"request": {
				"auth": {
					"type": "bearer",
					"bearer": [
						{
							"key": "token",
							"value": "{{adminToken}}",
							"type": "string"
						}
					]
				},
				"method": "POST",
				"header": [],
				"body": {
					"mode": "raw",
					"raw": "{\r\n    \"name\": \"Demo\",\r\n    \"description\": \"Some demo category.\"\r\n}",
					"options": {
						"raw": {
							"language": "json"
						}
					}
				},
				"url": {
					"raw": "{{baseUrl}}/categories",
					"host": [
						"{{baseUrl}}"
					],
					"path": [
						"categories"
					]
				}
			},
			"response": []
		},
		{
			"name": "Get Categories - after add",
			"event": [
				{
					"listen": "test",
					"script": {
						"exec": [
							"var items = pm.response.json();\r",
							"\r",
							"pm.test(\"Categories should be \" + items.length, function() {\r",
							"    pm.response.to.have.status(200);\r",
							"    pm.expect(items.length).to.equal(4);\r",
							"});"
						],
						"type": "text/javascript"
					}
				}
			],
			"request": {
				"auth": {
					"type": "noauth"
				},
				"method": "GET",
				"header": [],
				"url": {
					"raw": "{{baseUrl}}/categories",
					"host": [
						"{{baseUrl}}"
					],
					"path": [
						"categories"
					]
				}
			},
			"response": []
		},
		{
			"name": "Get New Category By Id",
			"event": [
				{
					"listen": "test",
					"script": {
						"exec": [
							"var name = pm.response.json().name;\r",
							"\r",
							"pm.test(\"Get new category by id should succeed\", function() {\r",
							"    pm.response.to.have.status(200);\r",
							"    pm.expect(name).to.equal(\"Demo\");\r",
							"});"
						],
						"type": "text/javascript",
						"packages": {}
					}
				}
			],
			"request": {
				"auth": {
					"type": "noauth"
				},
				"method": "GET",
				"header": [],
				"url": {
					"raw": "{{baseUrl}}/categories/{{newCategoryId}}",
					"host": [
						"{{baseUrl}}"
					],
					"path": [
						"categories",
						"{{newCategoryId}}"
					]
				}
			},
			"response": []
		},
		{
			"name": "Update Category - as admin",
			"event": [
				{
					"listen": "test",
					"script": {
						"exec": [
							"pm.test(\"Update category should succeed\", function() {\r",
							"    pm.response.to.have.status(200);\r",
							"});"
						],
						"type": "text/javascript",
						"packages": {}
					}
				}
			],
			"request": {
				"auth": {
					"type": "bearer",
					"bearer": [
						{
							"key": "token",
							"value": "{{adminToken}}",
							"type": "string"
						}
					]
				},
				"method": "PUT",
				"header": [],
				"body": {
					"mode": "raw",
					"raw": "{\r\n    \"name\": \"Demo\",\r\n    \"description\": \"Potatoes are the best\"\r\n}",
					"options": {
						"raw": {
							"language": "json"
						}
					}
				},
				"url": {
					"raw": "{{baseUrl}}/categories/{{newCategoryId}}",
					"host": [
						"{{baseUrl}}"
					],
					"path": [
						"categories",
						"{{newCategoryId}}"
					]
				}
			},
			"response": []
		},
		{
			"name": "Get New Category By Id - after update",
			"event": [
				{
					"listen": "test",
					"script": {
						"exec": [
							"var description = pm.response.json().description;\r",
							"\r",
							"pm.test(\"Get new category by id after update should succeed\", function() {\r",
							"    pm.response.to.have.status(200);\r",
							"    pm.expect(description).to.equal(\"Potatoes are the best\");\r",
							"});"
						],
						"type": "text/javascript",
						"packages": {}
					}
				}
			],
			"request": {
				"auth": {
					"type": "noauth"
				},
				"method": "GET",
				"header": [],
				"url": {
					"raw": "{{baseUrl}}/categories/{{newCategoryId}}",
					"host": [
						"{{baseUrl}}"
					],
					"path": [
						"categories",
						"{{newCategoryId}}"
					]
				}
			},
			"response": []
		},
		{
			"name": "Delete Category - as admin",
			"event": [
				{
					"listen": "test",
					"script": {
						"exec": [
							"pm.test(\"Delete new category should succeed\", function() {\r",
							"    pm.response.to.have.status(204);\r",
							"});"
						],
						"type": "text/javascript",
						"packages": {}
					}
				}
			],
			"request": {
				"auth": {
					"type": "bearer",
					"bearer": [
						{
							"key": "token",
							"value": "{{adminToken}}",
							"type": "string"
						}
					]
				},
				"method": "DELETE",
				"header": [],
				"url": {
					"raw": "{{baseUrl}}/categories/{{newCategoryId}}",
					"host": [
						"{{baseUrl}}"
					],
					"path": [
						"categories",
						"{{newCategoryId}}"
					]
				}
			},
			"response": []
		},
		{
			"name": "Get Category By Id - after delete",
			"event": [
				{
					"listen": "test",
					"script": {
						"exec": [
							"pm.test(\"Get new category after delete should not be found \", function() {\r",
							"    pm.response.to.have.status(404);\r",
							"});"
						],
						"type": "text/javascript"
					}
				}
			],
			"request": {
				"auth": {
					"type": "noauth"
				},
				"method": "GET",
				"header": [],
				"url": {
					"raw": "{{baseUrl}}/categories/{{newCategoryId}}",
					"host": [
						"{{baseUrl}}"
					],
					"path": [
						"categories",
						"{{newCategoryId}}"
					]
				}
			},
			"response": []
		},
		{
			"name": "Search Products",
			"event": [
				{
					"listen": "test",
					"script": {
						"exec": [
							"var data = pm.response.json();\r",
							"\r",
							"pm.test('Number of products = ' + data.length, function () {\r",
							"    pm.expect(data.length).to.equal(1);\r",
							"});"
						],
						"type": "text/javascript"
					}
				}
			],
			"request": {
				"auth": {
					"type": "noauth"
				},
				"method": "GET",
				"header": [],
				"url": {
					"raw": "{{baseUrl}}/products?cat=1&minPrice=80&maxPrice=90",
					"host": [
						"{{baseUrl}}"
					],
					"path": [
						"products"
					],
					"query": [
						{
							"key": "cat",
							"value": "1"
						},
						{
							"key": "minPrice",
							"value": "80"
						},
						{
							"key": "maxPrice",
							"value": "90"
						}
					]
				}
			},
			"response": []
		},
		{
			"name": "Add Product - as admin Copy",
			"event": [
				{
					"listen": "test",
					"script": {
						"exec": [
							"pm.environment.set(\"newProductId\", pm.response.json().productId)\r",
							"\r",
							"var name = pm.response.json().name;\r",
							"\r",
							"pm.test(\"Product insert as admin should succeed\", function() {\r",
							"    pm.response.to.have.status(200);\r",
							"    pm.expect(name).to.equal(\"Portable Bluetooth Speaker\");\r",
							"});"
						],
						"type": "text/javascript",
						"packages": {}
					}
				},
				{
					"listen": "prerequest",
					"script": {
						"exec": [
							""
						],
						"type": "text/javascript",
						"packages": {}
					}
				}
			],
			"request": {
				"auth": {
					"type": "bearer",
					"bearer": [
						{
							"key": "token",
							"value": "{{adminToken}}",
							"type": "string"
						}
					]
				},
				"method": "POST",
				"header": [],
				"body": {
					"mode": "raw",
					"raw": "{\r\n    \"name\": \"Portable Bluetooth Speaker\",\r\n    \"price\": 74.99,\r\n    \"categoryId\": 3,\r\n    \"description\": \"Enjoy crystal-clear sound and deep bass anywhere with this compact portable Bluetooth speaker.\",\r\n    \"color\": \"Graphite Gray\",\r\n    \"stock\": 50,\r\n    \"imageUrl\": \"bluetooth-speaker.jpg\",\r\n    \"featured\": false\r\n}",
					"options": {
						"raw": {
							"language": "json"
						}
					}
				},
				"url": {
					"raw": "{{baseUrl}}/products",
					"host": [
						"{{baseUrl}}"
					],
					"path": [
						"products"
					]
				}
			},
			"response": []
		},
		{
			"name": "Get New Product By Id",
			"event": [
				{
					"listen": "test",
					"script": {
						"exec": [
							"var name = pm.response.json().name;\r",
							"\r",
							"pm.test(\"Get new product by id should succeed\", function() {\r",
							"    pm.response.to.have.status(200);\r",
							"    pm.expect(name).to.equal(\"Portable Bluetooth Speaker\");\r",
							"});"
						],
						"type": "text/javascript",
						"packages": {}
					}
				}
			],
			"request": {
				"auth": {
					"type": "noauth"
				},
				"method": "GET",
				"header": [],
				"url": {
					"raw": "{{baseUrl}}/products/{{newProductId}}",
					"host": [
						"{{baseUrl}}"
					],
					"path": [
						"products",
						"{{newProductId}}"
					]
				}
			},
			"response": []
		},
		{
			"name": "Update Product - as admin",
			"event": [
				{
					"listen": "test",
					"script": {
						"exec": [
							"pm.test(\"Update product should succeed\", function() {\r",
							"    pm.response.to.have.status(200);\r",
							"});"
						],
						"type": "text/javascript",
						"packages": {}
					}
				}
			],
			"request": {
				"auth": {
					"type": "bearer",
					"bearer": [
						{
							"key": "token",
							"value": "{{adminToken}}",
							"type": "string"
						}
					]
				},
				"method": "PUT",
				"header": [],
				"body": {
					"mode": "raw",
					"raw": "{\r\n    \"name\": \"Portable Bluetooth Speaker\",\r\n    \"price\": 74.99,\r\n    \"categoryId\": 3,\r\n    \"description\": \"Enjoy crystal-clear sound and deep bass anywhere with this compact portable Bluetooth speaker.\",\r\n    \"color\": \"Blue\",\r\n    \"stock\": 50,\r\n    \"imageUrl\": \"bluetooth-speaker.jpg\",\r\n    \"featured\": false\r\n}",
					"options": {
						"raw": {
							"language": "json"
						}
					}
				},
				"url": {
					"raw": "{{baseUrl}}/products/{{newProductId}}",
					"host": [
						"{{baseUrl}}"
					],
					"path": [
						"products",
						"{{newProductId}}"
					]
				}
			},
			"response": []
		},
		{
			"name": "Get New Product By Id - after update",
			"event": [
				{
					"listen": "test",
					"script": {
						"exec": [
							"var color = pm.response.json().color;\r",
							"\r",
							"pm.test(\"Get new product by id after update should succeed\", function() {\r",
							"    pm.response.to.have.status(200);\r",
							"    pm.expect(color).to.equal(\"Blue\");\r",
							"});"
						],
						"type": "text/javascript",
						"packages": {}
					}
				}
			],
			"request": {
				"auth": {
					"type": "noauth"
				},
				"method": "GET",
				"header": [],
				"url": {
					"raw": "{{baseUrl}}/products/{{newProductId}}",
					"host": [
						"{{baseUrl}}"
					],
					"path": [
						"products",
						"{{newProductId}}"
					]
				}
			},
			"response": []
		},
		{
			"name": "Delete Product- as admin",
			"event": [
				{
					"listen": "test",
					"script": {
						"exec": [
							"pm.test(\"Delete new product should succeed\", function() {\r",
							"    pm.response.to.have.status(200);\r",
							"});"
						],
						"type": "text/javascript",
						"packages": {}
					}
				}
			],
			"request": {
				"auth": {
					"type": "bearer",
					"bearer": [
						{
							"key": "token",
							"value": "{{adminToken}}",
							"type": "string"
						}
					]
				},
				"method": "DELETE",
				"header": [],
				"url": {
					"raw": "{{baseUrl}}/products/{{newProductId}}",
					"host": [
						"{{baseUrl}}"
					],
					"path": [
						"products",
						"{{newProductId}}"
					]
				}
			},
			"response": []
		},
		{
			"name": "Get New Product By Id - after delete",
			"event": [
				{
					"listen": "test",
					"script": {
						"exec": [
							"pm.test(\"Get new product after delete should not be found \", function() {\r",
							"    pm.response.to.have.status(404);\r",
							"});"
						],
						"type": "text/javascript",
						"packages": {}
					}
				}
			],
			"request": {
				"auth": {
					"type": "noauth"
				},
				"method": "GET",
				"header": [],
				"url": {
					"raw": "{{baseUrl}}/products/{{newProductId}}",
					"host": [
						"{{baseUrl}}"
					],
					"path": [
						"products",
						"{{newProductId}}"
					]
				}
			},
			"response": []
		}
	],
	"event": [
		{
			"listen": "prerequest",
			"script": {
				"type": "text/javascript",
				"packages": {},
				"exec": [
					""
				]
			}
		},
		{
			"listen": "test",
			"script": {
				"type": "text/javascript",
				"packages": {},
				"exec": [
					""
				]
			}
		}
	],
	"variable": [
		{
			"key": "userToken",
			"value": "userToken",
			"type": "string"
		},
		{
			"key": "adminToken",
			"value": "adminToken",
			"type": "string"
		},
		{
			"key": "newCategoryId",
			"value": "3",
			"type": "string"
		},
		{
			"key": "baseUrl",
			"value": "http://localhost:8080",
			"type": "string"
		},
		{
			"key": "newUserName",
			"value": "gary",
			"type": "string"
		},
		{
			"key": "newUserPassword",
			"value": "thePass",
			"type": "string"
		},
		{
			"key": "newProductId",
			"value": "91",
			"type": "string"
		}
	]
}